,LOCAL_STUDENT_ID,STATE_STUDENT_ID,SITE_ID,SITE_NAME,FIRST_NAME,LAST_NAME,GRADE_LEVEL,CURRENT_SCHOOL_ENROLLMENT_START_DATE,CURRENT_SCHOOL_ENROLLMENT_END_DATE
927,61883,2860091012,6,Summit Public School: Shasta,Florrie,Alexander,9,8/19/2020 0:00,6/12/2021 0:00
928,80537,1649576844,6,Summit Public School: Shasta,Sam,Alexander,9,8/19/2020 0:00,6/12/2021 0:00
929,55656,8288254977,6,Summit Public School: Shasta,Fiona,Barnes,9,8/19/2020 0:00,6/12/2021 0:00
930,67986,8774881380,6,Summit Public School: Shasta,Savana,Bennett,9,8/19/2020 0:00,6/12/2021 0:00
931,53565,3872245321,6,Summit Public School: Shasta,Luke,Brooks,9,8/19/2020 0:00,6/12/2021 0:00
932,80460,1874705093,6,Summit Public School: Shasta,Stuart,Brooks,9,8/19/2020 0:00,6/12/2021 0:00
933,79410,6391495029,6,Summit Public School: Shasta,Jacob,Brown,9,8/19/2020 0:00,6/12/2021 0:00
934,41410,2436005389,6,Summit Public School: Shasta,Violet,Cameron,9,8/19/2020 0:00,6/12/2021 0:00
935,59306,1178806204,6,Summit Public School: Shasta,Lenny,Craig,9,8/19/2020 0:00,6/12/2021 0:00
936,86398,2219204641,6,Summit Public School: Shasta,Tara,Craig,9,8/19/2020 0:00,6/12/2021 0:00
937,61864,5126386900,6,Summit Public School: Shasta,Fenton,Cunningham,9,8/19/2020 0:00,6/12/2021 0:00
938,86990,7208508653,6,Summit Public School: Shasta,Preston,Cunningham,9,8/19/2020 0:00,6/12/2021 0:00
939,69080,3608957599,6,Summit Public School: Shasta,Kate,Dixon,9,8/19/2020 0:00,6/12/2021 0:00
940,75241,1552755603,6,Summit Public School: Shasta,Isabella,Edwards,9,8/19/2020 0:00,6/12/2021 0:00
941,99684,6712350665,6,Summit Public School: Shasta,Lilianna,Edwards,9,8/19/2020 0:00,6/12/2021 0:00
942,37036,5485846142,6,Summit Public School: Shasta,Rosie,Elliott,9,8/19/2020 0:00,6/12/2021 0:00
943,12619,9349792881,6,Summit Public School: Shasta,Sophia,Elliott,9,8/19/2020 0:00,6/12/2021 0:00
944,76088,6798172139,6,Summit Public School: Shasta,Adam,Evans,9,8/19/2020 0:00,6/12/2021 0:00
945,25438,3889154005,6,Summit Public School: Shasta,Bruce,Farrell,9,8/19/2020 0:00,6/12/2021 0:00
946,27434,2194639104,6,Summit Public School: Shasta,Sam,Ferguson,9,8/19/2020 0:00,6/12/2021 0:00
947,32529,1806881825,6,Summit Public School: Shasta,Nicole,Grant,9,8/19/2020 0:00,6/12/2021 0:00
948,78099,2312185503,6,Summit Public School: Shasta,Alexia,Harper,9,8/19/2020 0:00,6/12/2021 0:00
949,51306,9394008188,6,Summit Public School: Shasta,Dominik,Hawkins,9,8/19/2020 0:00,6/12/2021 0:00
950,51604,1636074676,6,Summit Public School: Shasta,Edwin,Hawkins,9,8/19/2020 0:00,6/12/2021 0:00
951,69208,2169161427,6,Summit Public School: Shasta,John,Hawkins,9,8/19/2020 0:00,6/12/2021 0:00
952,14861,9333393671,6,Summit Public School: Shasta,Aston,Higgins,9,8/19/2020 0:00,6/12/2021 0:00
953,21008,9498968307,6,Summit Public School: Shasta,Stella,Higgins,9,8/19/2020 0:00,6/12/2021 0:00
954,33044,1362354429,6,Summit Public School: Shasta,Brad,Hill,9,8/19/2020 0:00,6/12/2021 0:00
955,17559,3248841571,6,Summit Public School: Shasta,Alissa,Holmes,9,8/19/2020 0:00,6/12/2021 0:00
956,29313,5398267951,6,Summit Public School: Shasta,Elise,Holmes,9,8/19/2020 0:00,6/12/2021 0:00
957,31991,6639799239,6,Summit Public School: Shasta,Joyce,Howard,9,8/19/2020 0:00,6/12/2021 0:00
958,21862,5390125305,6,Summit Public School: Shasta,Adele,Hunt,9,8/19/2020 0:00,6/12/2021 0:00
959,67612,5428763136,6,Summit Public School: Shasta,Maya,Hunt,9,8/19/2020 0:00,6/12/2021 0:00
960,30759,8947877115,6,Summit Public School: Shasta,James,Johnson,9,8/19/2020 0:00,6/12/2021 0:00
961,17836,1506188818,6,Summit Public School: Shasta,Alina,Johnston,9,8/19/2020 0:00,6/12/2021 0:00
962,36480,3230426308,6,Summit Public School: Shasta,Marcus,Jones,9,8/19/2020 0:00,6/12/2021 0:00
963,63544,8986520791,6,Summit Public School: Shasta,Ryan,Jones,9,8/19/2020 0:00,6/12/2021 0:00
964,56378,4670471885,6,Summit Public School: Shasta,Haris,Kelly,9,8/19/2020 0:00,6/12/2021 0:00
965,27501,2432604597,6,Summit Public School: Shasta,Florrie,Miller,9,8/19/2020 0:00,6/12/2021 0:00
966,71009,9237546792,6,Summit Public School: Shasta,Charlotte,Murray,9,8/19/2020 0:00,6/12/2021 0:00
967,35557,3829204317,6,Summit Public School: Shasta,Derek,Murray,9,8/19/2020 0:00,6/12/2021 0:00
968,15839,8189594083,6,Summit Public School: Shasta,John,Myers,9,8/19/2020 0:00,6/12/2021 0:00
969,67654,9923831459,6,Summit Public School: Shasta,David,Nelson,9,8/19/2020 0:00,6/12/2021 0:00
970,30300,5813733131,6,Summit Public School: Shasta,Isabella,Payne,9,8/19/2020 0:00,6/12/2021 0:00
971,23906,6933711788,6,Summit Public School: Shasta,Aida,Phillips,9,8/19/2020 0:00,6/12/2021 0:00
972,55188,7945379445,6,Summit Public School: Shasta,Maximilian,Phillips,9,8/19/2020 0:00,6/12/2021 0:00
973,46238,1195483382,6,Summit Public School: Shasta,James,Reed,9,8/19/2020 0:00,6/12/2021 0:00
974,46471,5987473603,6,Summit Public School: Shasta,Connie,Richards,9,8/19/2020 0:00,6/12/2021 0:00
975,32243,9455106142,6,Summit Public School: Shasta,Mike,Riley,9,8/19/2020 0:00,6/12/2021 0:00
976,51040,8281153359,6,Summit Public School: Shasta,Alissa,Rogers,9,8/19/2020 0:00,6/12/2021 0:00
977,81763,8021994165,6,Summit Public School: Shasta,Edgar,Rogers,9,8/19/2020 0:00,6/12/2021 0:00
978,68706,8762785614,6,Summit Public School: Shasta,Lucas,Rogers,9,8/19/2020 0:00,6/12/2021 0:00
979,49173,6317497934,6,Summit Public School: Shasta,Paige,Ryan,9,8/19/2020 0:00,6/12/2021 0:00
980,28287,9010541421,6,Summit Public School: Shasta,Tess,Scott,9,8/19/2020 0:00,6/12/2021 0:00
981,74928,8199791723,6,Summit Public School: Shasta,Andrew,Spencer,9,8/19/2020 0:00,6/12/2021 0:00
982,71585,9944707730,6,Summit Public School: Shasta,Sam,Spencer,9,8/19/2020 0:00,6/12/2021 0:00
983,67317,8586797847,6,Summit Public School: Shasta,Lyndon,Thompson,9,9/24/2020 0:00,6/12/2021 0:00
984,71660,4355489224,6,Summit Public School: Shasta,Melissa,Thompson,9,8/19/2020 0:00,6/12/2021 0:00
985,93389,7909674753,6,Summit Public School: Shasta,Kristian,Tucker,9,8/19/2020 0:00,6/12/2021 0:00
986,55939,3018572205,6,Summit Public School: Shasta,Dominik,Turner,9,8/19/2020 0:00,6/12/2021 0:00
987,63788,1831552889,6,Summit Public School: Shasta,Alen,Wells,9,8/19/2020 0:00,6/12/2021 0:00
988,13916,2775709368,6,Summit Public School: Shasta,Amber,Wells,9,8/19/2020 0:00,6/12/2021 0:00
989,11297,2687839746,6,Summit Public School: Shasta,Savana,West,9,8/19/2020 0:00,6/12/2021 0:00
990,31228,3707188227,6,Summit Public School: Shasta,Alberta,Adams,10,8/19/2020 0:00,6/12/2021 0:00
991,58371,1695873760,6,Summit Public School: Shasta,Sydney,Alexander,10,8/19/2020 0:00,6/12/2021 0:00
992,48032,2830117595,6,Summit Public School: Shasta,Arnold,Allen,10,8/19/2020 0:00,6/12/2021 0:00
993,80727,7457639230,6,Summit Public School: Shasta,Kate,Allen,10,8/19/2020 0:00,6/12/2021 0:00
994,41675,1170952672,6,Summit Public School: Shasta,Violet,Allen,10,8/19/2020 0:00,6/12/2021 0:00
995,67586,1597911718,6,Summit Public School: Shasta,Maddie,Anderson,10,8/19/2020 0:00,6/12/2021 0:00
996,78619,8816159762,6,Summit Public School: Shasta,Marcus,Armstrong,10,8/19/2020 0:00,6/12/2021 0:00
997,61094,4078967757,6,Summit Public School: Shasta,Marcus,Bailey,10,8/19/2020 0:00,6/12/2021 0:00
998,32652,5956768198,6,Summit Public School: Shasta,Edwin,Baker,10,8/19/2020 0:00,6/12/2021 0:00
999,43740,5898507470,6,Summit Public School: Shasta,Paige,Baker,10,8/19/2020 0:00,6/12/2021 0:00
1000,83519,9012832131,6,Summit Public School: Shasta,Lucas,Barnes,10,8/19/2020 0:00,6/12/2021 0:00
1001,48681,1621689225,6,Summit Public School: Shasta,Hailey,Brooks,10,8/19/2020 0:00,6/12/2021 0:00
1002,37271,5879706086,6,Summit Public School: Shasta,Abraham,Brown,10,8/19/2020 0:00,6/12/2021 0:00
1003,98263,9379879692,6,Summit Public School: Shasta,Tiana,Brown,10,8/19/2020 0:00,6/12/2021 0:00
1004,52270,8580115213,6,Summit Public School: Shasta,Melissa,Campbell,10,8/19/2020 0:00,6/12/2021 0:00
1005,67732,7001141359,6,Summit Public School: Shasta,Vanessa,Carroll,10,8/19/2020 0:00,6/12/2021 0:00
1006,62212,8624279923,6,Summit Public School: Shasta,Mary,Cooper,10,8/19/2020 0:00,6/12/2021 0:00
1007,40007,7003229944,6,Summit Public School: Shasta,Alford,Craig,10,8/19/2020 0:00,6/12/2021 0:00
1008,15117,1381344783,6,Summit Public School: Shasta,Preston,Davis,10,8/19/2020 0:00,6/12/2021 0:00
1009,55260,9451535365,6,Summit Public School: Shasta,Frederick,Dixon,10,8/19/2020 0:00,6/12/2021 0:00
1010,67753,5260899209,6,Summit Public School: Shasta,Naomi,Douglas,10,8/19/2020 0:00,6/12/2021 0:00
1011,89240,9337086950,6,Summit Public School: Shasta,Antony,Edwards,10,8/19/2020 0:00,6/12/2021 0:00
1012,62064,4932646382,6,Summit Public School: Shasta,Tara,Elliott,10,8/19/2020 0:00,6/12/2021 0:00
1013,96438,3983836036,6,Summit Public School: Shasta,Arnold,Ellis,10,8/19/2020 0:00,6/12/2021 0:00
1014,18469,6186529240,6,Summit Public School: Shasta,Kellan,Ellis,10,8/19/2020 0:00,6/12/2021 0:00
1015,30757,2613114337,6,Summit Public School: Shasta,Stella,Ellis,10,8/19/2020 0:00,6/12/2021 0:00
1016,78204,5745609096,6,Summit Public School: Shasta,Florrie,Evans,10,8/19/2020 0:00,6/12/2021 0:00
1017,95686,3338269164,6,Summit Public School: Shasta,Heather,Gibson,10,8/19/2020 0:00,6/12/2021 0:00
1018,91144,8074814214,6,Summit Public School: Shasta,Oscar,Gray,10,8/19/2020 0:00,6/12/2021 0:00
1019,43525,3671221325,6,Summit Public School: Shasta,Vincent,Gray,10,8/19/2020 0:00,6/12/2021 0:00
1020,50872,4570863224,6,Summit Public School: Shasta,Richard,Hall,10,8/19/2020 0:00,6/12/2021 0:00
1021,79770,3412312545,6,Summit Public School: Shasta,Florrie,Hawkins,10,8/19/2020 0:00,6/12/2021 0:00
1022,27189,5336295977,6,Summit Public School: Shasta,Charlie,Henderson,10,8/19/2020 0:00,6/12/2021 0:00
1023,45056,5968281005,6,Summit Public School: Shasta,Chloe,Holmes,10,8/19/2020 0:00,6/12/2021 0:00
1024,56644,4315525474,6,Summit Public School: Shasta,Ted,Holmes,10,8/19/2020 0:00,6/12/2021 0:00
1025,77440,8699403140,6,Summit Public School: Shasta,Kelsey,Johnston,10,8/19/2020 0:00,6/12/2021 0:00
1026,85258,7855378331,6,Summit Public School: Shasta,William,Jones,10,8/19/2020 0:00,6/12/2021 0:00
1027,87378,6662645044,6,Summit Public School: Shasta,Anna,Kelley,10,8/19/2020 0:00,6/12/2021 0:00
1028,16097,1448587617,6,Summit Public School: Shasta,Camila,Kelly,10,8/19/2020 0:00,6/12/2021 0:00
1029,53024,9532278027,6,Summit Public School: Shasta,Tony,Kelly,10,8/19/2020 0:00,6/12/2021 0:00
1030,87313,5557777490,6,Summit Public School: Shasta,Michael,Mason,10,8/19/2020 0:00,6/12/2021 0:00
1031,62975,5067199551,6,Summit Public School: Shasta,Dainton,Montgomery,10,8/19/2020 0:00,6/12/2021 0:00
1032,19278,3408713638,6,Summit Public School: Shasta,Dale,Morgan,10,8/19/2020 0:00,6/12/2021 0:00
1033,66677,1198785908,6,Summit Public School: Shasta,Dale,Morris,10,8/19/2020 0:00,6/12/2021 0:00
1034,34175,7133012490,6,Summit Public School: Shasta,Kate,Morris,10,8/19/2020 0:00,6/12/2021 0:00
1035,81379,7693585457,6,Summit Public School: Shasta,Melanie,Richards,10,8/19/2020 0:00,6/12/2021 0:00
1036,61983,9147726889,6,Summit Public School: Shasta,Alberta,Riley,10,8/19/2020 0:00,6/12/2021 0:00
1037,31469,2644364633,6,Summit Public School: Shasta,John,Robinson,10,8/19/2020 0:00,6/12/2021 0:00
1038,11318,1163125023,6,Summit Public School: Shasta,Lenny,Robinson,10,8/19/2020 0:00,6/12/2021 0:00
1039,55372,7869990809,6,Summit Public School: Shasta,Catherine,Ryan,10,8/19/2020 0:00,6/12/2021 0:00
1040,61829,5879565662,6,Summit Public School: Shasta,Amanda,Scott,10,8/19/2020 0:00,6/12/2021 0:00
1041,79828,4364154327,6,Summit Public School: Shasta,Mike,Smith,10,8/19/2020 0:00,6/12/2021 0:00
1042,57949,2460347092,6,Summit Public School: Shasta,Carina,Spencer,10,8/19/2020 0:00,6/12/2021 0:00
1043,72675,8429161049,6,Summit Public School: Shasta,Stuart,Spencer,10,8/19/2020 0:00,6/12/2021 0:00
1044,77625,2972272044,6,Summit Public School: Shasta,Heather,Stevens,10,8/19/2020 0:00,6/12/2021 0:00
1045,57871,5400522034,6,Summit Public School: Shasta,Nicole,Thomas,10,8/19/2020 0:00,6/12/2021 0:00
1046,67572,2287845471,6,Summit Public School: Shasta,Cherry,Thompson,10,8/19/2020 0:00,6/12/2021 0:00
1047,76170,9433024089,6,Summit Public School: Shasta,Kevin,Tucker,10,8/19/2020 0:00,6/12/2021 0:00
1048,95757,8346907493,6,Summit Public School: Shasta,Roland,Watson,10,8/19/2020 0:00,6/12/2021 0:00
1049,14827,4384320711,6,Summit Public School: Shasta,Vanessa,Wells,10,8/19/2020 0:00,6/12/2021 0:00
1050,98988,8355848164,6,Summit Public School: Shasta,Emily,West,10,8/19/2020 0:00,6/12/2021 0:00
1051,76089,1024847860,6,Summit Public School: Shasta,Adrianna,Wilson,10,8/19/2020 0:00,6/12/2021 0:00
1052,95823,4278260180,6,Summit Public School: Shasta,Agata,Wilson,10,8/19/2020 0:00,6/12/2021 0:00
1053,43128,9239726368,6,Summit Public School: Shasta,Tara,Wilson,10,8/19/2020 0:00,6/12/2021 0:00
1054,50127,6773862547,6,Summit Public School: Shasta,Richard,Wright,10,8/19/2020 0:00,6/12/2021 0:00
1055,13906,5854407368,6,Summit Public School: Shasta,Amber,Adams,11,8/19/2020 0:00,6/12/2021 0:00
1056,28305,8165357381,6,Summit Public School: Shasta,George,Adams,11,8/19/2020 0:00,6/12/2021 0:00
1057,17223,1788793373,6,Summit Public School: Shasta,Mary,Adams,11,8/19/2020 0:00,6/12/2021 0:00
1058,99137,5194406539,6,Summit Public School: Shasta,Julia,Alexander,11,8/19/2020 0:00,6/12/2021 0:00
1059,25535,7567594037,6,Summit Public School: Shasta,Sarah,Andrews,11,8/19/2020 0:00,6/12/2021 0:00
1060,35290,1574892914,6,Summit Public School: Shasta,Michael,Bailey,11,8/19/2020 0:00,6/12/2021 0:00
1061,81298,4476511085,6,Summit Public School: Shasta,Cherry,Barnes,11,8/19/2020 0:00,6/12/2021 0:00
1062,97222,4602055035,6,Summit Public School: Shasta,Emma,Barnes,11,8/19/2020 0:00,6/12/2021 0:00
1063,60594,3290534371,6,Summit Public School: Shasta,Haris,Barnes,11,8/19/2020 0:00,6/12/2021 0:00
1064,52368,1858802502,6,Summit Public School: Shasta,Max,Barrett,11,8/19/2020 0:00,6/12/2021 0:00
1065,81205,8652467475,6,Summit Public School: Shasta,Tiana,Brooks,11,8/19/2020 0:00,6/12/2021 0:00
1066,85444,9578296724,6,Summit Public School: Shasta,Sam,Brown,11,8/19/2020 0:00,6/12/2021 0:00
1067,73064,2544342103,6,Summit Public School: Shasta,Samantha,Brown,11,8/19/2020 0:00,6/12/2021 0:00
1068,35675,5328154023,6,Summit Public School: Shasta,William,Brown,11,8/19/2020 0:00,6/12/2021 0:00
1069,44302,2737327844,6,Summit Public School: Shasta,Richard,Carroll,11,8/19/2020 0:00,6/12/2021 0:00
1070,94608,4153367756,6,Summit Public School: Shasta,Miley,Casey,11,8/19/2020 0:00,6/12/2021 0:00
1071,49251,9824669172,6,Summit Public School: Shasta,Eric,Clark,11,8/19/2020 0:00,6/12/2021 0:00
1072,15950,9861443129,6,Summit Public School: Shasta,Jasmine,Cole,11,8/19/2020 0:00,6/12/2021 0:00
1073,44307,6679409507,6,Summit Public School: Shasta,Abraham,Cooper,11,8/19/2020 0:00,6/12/2021 0:00
1074,46659,7756751214,6,Summit Public School: Shasta,Lilianna,Cooper,11,8/19/2020 0:00,6/12/2021 0:00
1075,68208,4070279523,6,Summit Public School: Shasta,Carina,Dixon,11,8/19/2020 0:00,6/12/2021 0:00
1076,94090,5986679768,6,Summit Public School: Shasta,Savana,Ellis,11,8/19/2020 0:00,6/12/2021 0:00
1077,68110,5129665039,6,Summit Public School: Shasta,Eleanor,Evans,11,8/19/2020 0:00,6/12/2021 0:00
1078,39829,2139043944,6,Summit Public School: Shasta,Alina,Farrell,11,8/19/2020 0:00,6/12/2021 0:00
1079,86434,6915234387,6,Summit Public School: Shasta,Melanie,Ferguson,11,8/19/2020 0:00,6/12/2021 0:00
1080,47892,3914713971,6,Summit Public School: Shasta,Miley,Ferguson,11,8/19/2020 0:00,6/12/2021 0:00
1081,36425,9176989837,6,Summit Public School: Shasta,Myra,Ferguson,11,8/19/2020 0:00,6/12/2021 0:00
1082,84477,7914334114,6,Summit Public School: Shasta,Maria,Grant,11,8/19/2020 0:00,6/12/2021 0:00
1083,38118,4138052262,6,Summit Public School: Shasta,Catherine,Harris,11,8/19/2020 0:00,6/12/2021 0:00
1084,47377,3696288987,6,Summit Public School: Shasta,Haris,Hawkins,11,8/19/2020 0:00,6/12/2021 0:00
1085,48359,4364182097,6,Summit Public School: Shasta,Daisy,Holmes,11,8/19/2020 0:00,6/12/2021 0:00
1086,72156,9772358036,6,Summit Public School: Shasta,Edward,Howard,11,8/19/2020 0:00,6/12/2021 0:00
1087,97011,2360196096,6,Summit Public School: Shasta,Aldus,Johnson,11,8/19/2020 0:00,6/12/2021 0:00
1088,23751,2334392126,6,Summit Public School: Shasta,Edgar,Johnson,11,8/19/2020 0:00,6/12/2021 0:00
1089,21835,5232397026,6,Summit Public School: Shasta,Edward,Johnston,11,8/19/2020 0:00,6/12/2021 0:00
1090,28266,6877084140,6,Summit Public School: Shasta,Tiana,Kelley,11,8/19/2020 0:00,6/12/2021 0:00
1091,19888,1260274318,6,Summit Public School: Shasta,Dominik,Kelly,11,8/19/2020 0:00,6/12/2021 0:00
1092,37796,8944441450,6,Summit Public School: Shasta,Max,Mason,11,8/19/2020 0:00,6/12/2021 0:00
1093,29262,1707811513,6,Summit Public School: Shasta,Chelsea,Miller,11,8/19/2020 0:00,6/12/2021 0:00
1094,19367,7411699474,6,Summit Public School: Shasta,Miley,Morgan,11,8/19/2020 0:00,6/12/2021 0:00
1095,37365,5896369389,6,Summit Public School: Shasta,Victoria,Morris,11,8/19/2020 0:00,6/12/2021 0:00
1096,30910,2873044991,6,Summit Public School: Shasta,Heather,Murray,11,8/19/2020 0:00,6/12/2021 0:00
1097,33032,4263527221,6,Summit Public School: Shasta,Mary,Nelson,11,8/19/2020 0:00,6/12/2021 0:00
1098,46306,7611270320,6,Summit Public School: Shasta,Mary,Owens,11,8/19/2020 0:00,6/12/2021 0:00
1099,68461,8567775151,6,Summit Public School: Shasta,Mike,Parker,11,8/19/2020 0:00,6/12/2021 0:00
1100,69276,7357971201,6,Summit Public School: Shasta,Byron,Richards,11,8/19/2020 0:00,6/12/2021 0:00
1101,42927,1245822099,6,Summit Public School: Shasta,Jasmine,Riley,11,8/19/2020 0:00,6/12/2021 0:00
1102,56564,8316697922,6,Summit Public School: Shasta,Kelvin,Robinson,11,8/19/2020 0:00,6/12/2021 0:00
1103,68426,9161457336,6,Summit Public School: Shasta,Max,Robinson,11,8/19/2020 0:00,6/12/2021 0:00
1104,38140,4302375935,6,Summit Public School: Shasta,Sam,Robinson,11,8/19/2020 0:00,6/12/2021 0:00
1105,92814,2170893611,6,Summit Public School: Shasta,Robert,Rogers,11,8/19/2020 0:00,6/12/2021 0:00
1106,95900,5739960875,6,Summit Public School: Shasta,Alissa,Russell,11,8/19/2020 0:00,6/12/2021 0:00
1107,10146,5624263518,6,Summit Public School: Shasta,Naomi,Russell,11,8/19/2020 0:00,6/12/2021 0:00
1108,95211,3045119718,6,Summit Public School: Shasta,Ryan,Russell,11,8/19/2020 0:00,6/12/2021 0:00
1109,71116,4660818137,6,Summit Public School: Shasta,Sarah,Russell,11,8/19/2020 0:00,6/12/2021 0:00
1110,64614,1587689171,6,Summit Public School: Shasta,James,Scott,11,8/19/2020 0:00,6/12/2021 0:00
1111,41003,1556939623,6,Summit Public School: Shasta,Alexander,Thomas,11,8/19/2020 0:00,6/12/2021 0:00
1112,37347,6293390404,6,Summit Public School: Shasta,Eleanor,Thompson,11,8/19/2020 0:00,6/12/2021 0:00
1113,90841,3840182542,6,Summit Public School: Shasta,Elise,Tucker,11,8/19/2020 0:00,6/12/2021 0:00
1114,71515,2552769473,6,Summit Public School: Shasta,Robert,Tucker,11,8/19/2020 0:00,6/12/2021 0:00
1115,51864,5361183065,6,Summit Public School: Shasta,Byron,Turner,11,8/19/2020 0:00,6/12/2021 0:00
1116,46677,3363587618,6,Summit Public School: Shasta,Abigail,Warren,11,8/19/2020 0:00,6/12/2021 0:00
1117,65328,5306276414,6,Summit Public School: Shasta,Edgar,Warren,11,8/19/2020 0:00,6/12/2021 0:00
1118,60054,8929376509,6,Summit Public School: Shasta,Chloe,Watson,11,8/19/2020 0:00,6/12/2021 0:00
1119,50113,4438513767,6,Summit Public School: Shasta,Amy,West,11,8/19/2020 0:00,6/12/2021 0:00
1120,32971,9258963640,6,Summit Public School: Shasta,Jared,Adams,12,8/19/2020 0:00,6/12/2021 0:00
1121,98315,2844492308,6,Summit Public School: Shasta,Isabella,Alexander,12,8/19/2020 0:00,6/12/2021 0:00
1122,48890,1093047290,6,Summit Public School: Shasta,Elise,Bennett,12,8/19/2020 0:00,6/12/2021 0:00
1123,72930,4546506256,6,Summit Public School: Shasta,Brooke,Brooks,12,8/19/2020 0:00,6/12/2021 0:00
1124,79099,1200999274,6,Summit Public School: Shasta,Jacob,Brooks,12,8/19/2020 0:00,6/12/2021 0:00
1125,47103,2915277552,6,Summit Public School: Shasta,Martin,Brooks,12,8/19/2020 0:00,6/12/2021 0:00
1126,64022,2244666669,6,Summit Public School: Shasta,Haris,Cameron,12,8/19/2020 0:00,6/12/2021 0:00
1127,70666,7724271072,6,Summit Public School: Shasta,Alfred,Campbell,12,8/19/2020 0:00,6/12/2021 0:00
1128,90821,8660952802,6,Summit Public School: Shasta,Miley,Carter,12,8/19/2020 0:00,6/12/2021 0:00
1129,65609,9760201776,6,Summit Public School: Shasta,Chester,Casey,12,8/19/2020 0:00,6/12/2021 0:00
1130,86854,5569823676,6,Summit Public School: Shasta,Adelaide,Cooper,12,8/19/2020 0:00,6/12/2021 0:00
1131,29963,3439075660,6,Summit Public School: Shasta,Miranda,Craig,12,8/19/2020 0:00,6/12/2021 0:00
1132,34429,6846961994,6,Summit Public School: Shasta,Carina,Cunningham,12,8/19/2020 0:00,6/12/2021 0:00
1133,66087,7439147701,6,Summit Public School: Shasta,Mike,Cunningham,12,8/19/2020 0:00,6/12/2021 0:00
1134,31266,2184120303,6,Summit Public School: Shasta,Oliver,Cunningham,12,8/19/2020 0:00,6/12/2021 0:00
1135,70773,4317089459,6,Summit Public School: Shasta,Wilson,Douglas,12,8/19/2020 0:00,6/12/2021 0:00
1136,49756,1884261671,6,Summit Public School: Shasta,Rebecca,Ellis,12,8/19/2020 0:00,6/12/2021 0:00
1137,86208,5704940632,6,Summit Public School: Shasta,Clark,Foster,12,8/19/2020 0:00,6/12/2021 0:00
1138,58192,7782504013,6,Summit Public School: Shasta,Miller,Fowler,12,8/19/2020 0:00,6/12/2021 0:00
1139,70757,9577641197,6,Summit Public School: Shasta,Maria,Gibson,12,8/19/2020 0:00,6/12/2021 0:00
1140,70986,1361811046,6,Summit Public School: Shasta,Sarah,Gibson,12,8/19/2020 0:00,6/12/2021 0:00
1141,14112,1153741363,6,Summit Public School: Shasta,Maya,Grant,12,8/19/2020 0:00,6/12/2021 0:00
1142,52752,5066131609,6,Summit Public School: Shasta,Connie,Harris,12,8/19/2020 0:00,6/12/2021 0:00
1143,53443,2810672123,6,Summit Public School: Shasta,Abraham,Higgins,12,8/19/2020 0:00,6/12/2021 0:00
1144,50606,8482635780,6,Summit Public School: Shasta,Amber,Higgins,12,8/19/2020 0:00,6/12/2021 0:00
1145,21474,2696586578,6,Summit Public School: Shasta,Deanna,Hill,12,8/19/2020 0:00,6/12/2021 0:00
1146,26309,4178658367,6,Summit Public School: Shasta,Victoria,Holmes,12,8/19/2020 0:00,6/12/2021 0:00
1147,12994,8185991319,6,Summit Public School: Shasta,Joyce,Hunt,12,8/19/2020 0:00,6/12/2021 0:00
1148,12292,8528592462,6,Summit Public School: Shasta,Madaline,Jones,12,8/19/2020 0:00,6/12/2021 0:00
1149,70812,1839100775,6,Summit Public School: Shasta,Lucas,Miller,12,8/19/2020 0:00,6/12/2021 0:00
1150,69801,9226614889,6,Summit Public School: Shasta,Kelvin,Mitchell,12,8/19/2020 0:00,6/12/2021 0:00
1151,68573,7773623576,6,Summit Public School: Shasta,Sienna,Mitchell,12,8/19/2020 0:00,6/12/2021 0:00
1152,77356,1576118940,6,Summit Public School: Shasta,Brooke,Moore,12,8/19/2020 0:00,6/12/2021 0:00
1153,91762,2839943861,6,Summit Public School: Shasta,Victoria,Moore,12,8/19/2020 0:00,6/12/2021 0:00
1154,63917,7859870896,6,Summit Public School: Shasta,Charlie,Morgan,12,8/19/2020 0:00,6/12/2021 0:00
1155,54193,5040825579,6,Summit Public School: Shasta,Tony,Murray,12,8/19/2020 0:00,6/12/2021 0:00
1156,23472,3156533605,6,Summit Public School: Shasta,Sabrina,Myers,12,8/19/2020 0:00,6/12/2021 0:00
1157,28899,4543130966,6,Summit Public School: Shasta,Chelsea,Payne,12,8/19/2020 0:00,6/12/2021 0:00
1158,64892,1453068662,6,Summit Public School: Shasta,Michael,Perry,12,8/19/2020 0:00,6/12/2021 0:00
1159,33282,8771041634,6,Summit Public School: Shasta,Richard,Richards,12,8/19/2020 0:00,6/12/2021 0:00
1160,39761,2597327285,6,Summit Public School: Shasta,William,Richards,12,8/19/2020 0:00,6/12/2021 0:00
1161,91928,3817529238,6,Summit Public School: Shasta,Daisy,Richardson,12,8/19/2020 0:00,6/12/2021 0:00
1162,94740,5153098854,6,Summit Public School: Shasta,Edith,Riley,12,8/19/2020 0:00,6/12/2021 0:00
1163,23213,6758758253,6,Summit Public School: Shasta,Connie,Roberts,12,8/19/2020 0:00,6/12/2021 0:00
1164,25593,8593536807,6,Summit Public School: Shasta,Alina,Ross,12,8/19/2020 0:00,6/12/2021 0:00
1165,68335,1541266533,6,Summit Public School: Shasta,Alisa,Ross,12,8/19/2020 0:00,6/12/2021 0:00
1166,45388,5505452337,6,Summit Public School: Shasta,Kevin,Ross,12,8/19/2020 0:00,6/12/2021 0:00
1167,46247,1654167328,6,Summit Public School: Shasta,Sydney,Ross,12,8/19/2020 0:00,6/12/2021 0:00
1168,10868,8317951096,6,Summit Public School: Shasta,Roman,Scott,12,8/19/2020 0:00,6/12/2021 0:00
1169,85312,3512566259,6,Summit Public School: Shasta,Hailey,Sullivan,12,8/19/2020 0:00,6/12/2021 0:00
1170,64028,8467297031,6,Summit Public School: Shasta,Paige,Taylor,12,8/19/2020 0:00,6/12/2021 0:00
1171,95487,5131523774,6,Summit Public School: Shasta,Byron,Thomas,12,8/19/2020 0:00,6/12/2021 0:00
1172,34805,8338557598,6,Summit Public School: Shasta,Eddy,Thompson,12,8/19/2020 0:00,6/12/2021 0:00
1173,13839,6578012565,6,Summit Public School: Shasta,Eleanor,Tucker,12,8/19/2020 0:00,6/12/2021 0:00
1174,56371,2661424050,6,Summit Public School: Shasta,Victoria,Turner,12,8/19/2020 0:00,6/12/2021 0:00
1175,72604,4446110976,6,Summit Public School: Shasta,Jack,Walker,12,8/19/2020 0:00,6/12/2021 0:00
1176,89719,8305514029,6,Summit Public School: Shasta,Violet,Walker,12,8/19/2020 0:00,6/12/2021 0:00
1177,21344,4786970404,6,Summit Public School: Shasta,Kelvin,Warren,12,8/19/2020 0:00,6/12/2021 0:00
1178,75954,7148106170,6,Summit Public School: Shasta,Emma,Watson,12,8/19/2020 0:00,6/12/2021 0:00
1179,69612,5712996754,6,Summit Public School: Shasta,Roman,Watson,12,8/19/2020 0:00,6/12/2021 0:00
1180,16328,7663122398,6,Summit Public School: Shasta,Abigail,West,12,8/19/2020 0:00,6/12/2021 0:00
1181,73451,5634077880,6,Summit Public School: Shasta,Garry,Williams,12,8/19/2020 0:00,6/12/2021 0:00
